[
	{
		"id": 1,
		"name": "고등어",
		"price": 2000,
		"type": 1,
		"best": true
	},
	{
		"id": 2,
		"name": "삼치",
		"price": 2100,
		"type": 1,
		"best": true
	},
	{
		"id": 3,
		"name": "가자미",
		"price": 2200,
		"type": 1,
		"best": false
	},
	{
		"id": 4,
		"name": "고래",
		"price": 2300,
		"type": 1,
		"best": true
	},
	{
		"id": 5,
		"name": "꼬막",
		"price": 2400,
		"type": 1,
		"best": false
	},
	{
		"id": 6,
		"name": "사과",
		"price": 3000,
		"type": 2,
		"best": false
	},
	{
		"id": 7,
		"name": "키위",
		"price": 3100,
		"type": 2,
		"best": true
	},
	{
		"id": 8,
		"name": "딸기",
		"price": 3200,
		"type": 2,
		"best": true
	},
	{
		"id": 9,
		"name": "수박",
		"price": 3300,
		"type": 2,
		"best": false
	},
	{
		"id": 10,
		"name": "참외",
		"price": 3400,
		"type": 2,
		"best": true
	},
	{
		"id": 11,
		"name": "미나리",
		"price": 4000,
		"type": 3,
		"best": true
	},
	{
		"id": 12,
		"name": "고사리",
		"price": 4100,
		"type": 3,
		"best": false
	},
	{
		"id": 13,
		"name": "상추",
		"price": 4200,
		"type": 3,
		"best": true
	},
	{
		"id": 14,
		"name": "깻잎",
		"price": 4300,
		"type": 3,
		"best": true
	},
	{
		"id": 15,
		"name": "오이고추",
		"price": 4400,
		"type": 3,
		"best": false
	}
]